City_ID,City,Lat,Lng,Max Temp,Humidity,Cloudiness,Wind Speed,Country,Date
0,san juan de miraflores,-12.1629,-76.9635,24.54,68,71,4.5,PE,1685048865
1,ust-nera,64.5667,143.2,3.43,64,28,2.17,RU,1685048866
2,papatowai,-46.5619,169.4708,13.59,64,99,5.15,NZ,1685048866
3,west island,-12.1568,96.8225,26.99,78,40,4.63,CC,1685048867
4,ushuaia,-54.8,-68.3,1.81,80,40,4.12,AR,1685048867
5,puerto natales,-51.7236,-72.4875,4.25,75,75,2.57,CL,1685048660
6,iqaluit,63.7506,-68.5145,1.5,80,99,2.24,CA,1685048869
7,port-aux-francais,-49.35,70.2167,5.29,99,99,8.42,TF,1685048869
8,laredo,27.5064,-99.5075,34.14,45,100,7.2,US,1685048870
9,waitangi,-43.9535,-176.5597,13.79,87,5,0.45,NZ,1685048870
10,bethel,41.3712,-73.414,20.41,47,0,3.6,US,1685048870
11,bimbo,4.2567,18.4158,22.97,98,99,2.02,CF,1685048871
12,edinburgh of the seven seas,-37.0676,-12.3116,16.42,84,65,12.87,SH,1685048871
13,nuuk,64.1835,-51.7216,2.34,75,75,4.63,GL,1685048872
14,enewetak,11.3474,162.3373,28.03,76,96,6.78,MH,1685048872
15,thinadhoo,0.5333,72.9333,27.84,77,82,3.45,MV,1685048873
16,blackmans bay,-43.0167,147.3167,6.07,81,52,4.65,AU,1685048873
17,adamstown,-25.066,-130.1015,23.38,69,57,2.72,PN,1685048874
18,longyearbyen,78.2186,15.6401,0.91,80,100,8.23,SJ,1685048874
19,arenapolis,-14.4503,-56.8461,29.06,52,99,0.85,BR,1685048874
20,thompson,55.7435,-97.8558,12.09,100,100,0.0,CA,1685048875
21,listowel,52.4464,-9.485,16.84,93,27,1.58,IE,1685048875
22,kidal,18.4411,1.4078,35.17,15,8,7.01,ML,1685048876
23,bilibino,68.0546,166.4372,6.24,59,100,1.1,RU,1685048876
24,general acha,-37.377,-64.6043,17.0,75,100,1.0,AR,1685048877
25,quellon,-43.1167,-73.6167,7.14,76,75,4.12,CL,1685048877
26,brookings,44.3114,-96.7984,28.0,36,20,7.2,US,1685048878
27,khandyga,62.6667,135.6,6.23,78,92,0.05,RU,1685048878
28,san luis potosi,22.5,-100.5,28.06,37,66,4.92,MX,1685048879
29,mangaratiba,-22.9597,-44.0406,21.47,87,0,2.15,BR,1685048880
30,sandnessjoen,66.0217,12.6316,5.23,82,40,5.66,NO,1685048832
31,hermanus,-34.4187,19.2345,9.33,69,28,7.18,ZA,1685048881
32,fale old settlement,-9.3852,-171.2468,28.4,75,19,5.25,TK,1685048881
33,ulsteinvik,62.3432,5.8487,9.31,85,100,5.81,NO,1685048882
34,tiksi,71.6872,128.8694,-2.53,84,100,4.14,RU,1685048882
35,hawaiian paradise park,19.5933,-154.9731,25.73,82,100,3.6,US,1685048883
36,kirriemuir,56.674,-3.0034,12.18,81,62,2.09,GB,1685048883
37,reggane,26.7158,0.1714,29.2,9,2,2.9,DZ,1685048884
38,gerash,27.6652,54.1371,28.28,23,4,0.63,IR,1685048884
39,bredasdorp,-34.5322,20.0403,10.03,83,74,5.17,ZA,1685048885
40,college,64.8569,-147.8028,21.18,35,75,2.57,US,1685048760
41,hamilton,39.1834,-84.5333,22.74,30,0,6.17,US,1685048670
42,itamaraca,-7.7478,-34.8256,28.03,78,56,4.6,BR,1685048886
43,petropavlovsk-kamchatsky,53.0452,158.6483,7.33,76,40,2.0,RU,1685048887
44,cabo san lucas,22.8909,-109.9124,31.17,30,75,3.6,MX,1685048605
45,constantia,44.1833,28.65,17.61,86,56,3.33,RO,1685048887
46,kodiak,57.79,-152.4072,8.73,71,100,1.54,US,1685048888
47,haiku-pauwela,20.9219,-156.3051,26.01,69,40,7.2,US,1685048889
48,katsuren-haebaru,26.3369,127.8719,23.01,78,23,4.36,JP,1685048889
49,uturoa,-16.7333,-151.4333,27.3,76,39,5.39,PF,1685048890
50,holualoa,19.6228,-155.9522,26.54,75,75,5.66,US,1685048890
51,albany,42.6001,-73.9662,19.54,41,24,0.45,US,1685048891
52,atafu village,-8.5421,-172.5159,28.33,74,37,3.3,TK,1685048891
53,qaqortoq,60.7167,-46.0333,0.75,100,100,1.07,GL,1685048892
54,lauro de freitas,-12.8944,-38.3272,25.01,88,75,5.66,BR,1685048811
55,kyabe,9.4515,18.9449,32.77,34,93,1.72,TD,1685048893
56,codrington,-38.2667,141.9667,10.35,68,100,6.75,AU,1685048893
57,wynyard,-41.0,145.7167,4.99,86,74,4.62,AU,1685048894
58,grytviken,-54.2811,-36.5092,1.23,98,98,2.85,GS,1685048894
59,alaghsas,17.0187,8.0168,36.04,17,6,1.59,NE,1685048895
60,whitehorse,60.7161,-135.0538,15.57,41,100,7.15,CA,1685048895
61,zaozersk,69.4005,32.4476,9.13,48,49,5.31,RU,1685048797
62,kalmunai,7.4167,81.8167,27.23,82,2,1.45,LK,1685048896
63,al jawf,29.5,38.75,25.37,17,0,4.6,SA,1685048897
64,kerikeri,-35.2268,173.9474,11.06,95,17,0.73,NZ,1685048897
65,mawlaik,23.6333,94.4167,24.63,72,0,0.77,MM,1685048898
66,afaahiti,-17.75,-149.2833,28.93,76,32,4.09,PF,1685048898
67,port elizabeth,-33.918,25.5701,12.4,97,71,3.13,ZA,1685048899
68,selfoss,63.9331,-20.9971,7.8,72,100,6.17,IS,1685048899
69,invercargill,-46.4,168.35,14.27,67,99,5.87,NZ,1685048900
70,port mathurin,-19.6833,63.4167,25.42,76,14,5.07,MU,1685048900
71,arraial do cabo,-22.9661,-42.0278,22.92,88,0,2.57,BR,1685048901
72,dapaong,10.8639,0.205,32.1,46,84,2.04,TG,1685048901
73,magadan,59.5667,150.8,1.66,88,28,0.96,RU,1685048902
74,sorong,-0.8833,131.25,25.68,90,100,5.98,ID,1685048902
75,st. john's,47.5649,-52.7093,7.1,84,100,2.57,CA,1685048765
76,stanley,54.868,-1.6985,13.83,74,0,1.03,GB,1685048903
77,anadyr,64.75,177.4833,1.28,93,75,3.0,RU,1685048904
78,concepcion,-36.827,-73.0498,12.89,94,75,5.66,CL,1685048780
79,el bolson,-41.9667,-71.5167,3.43,100,100,1.6,AR,1685048905
80,lihue,21.9789,-159.3672,26.77,71,40,7.72,US,1685048905
81,filey,54.21,-0.2892,13.35,84,96,4.92,GB,1685048906
82,puerto ayora,-0.7393,-90.3518,31.98,86,42,4.02,EC,1685048906
83,bereeda,11.8704,51.0579,29.47,72,71,4.13,SO,1685048906
84,mangrol,21.1167,70.1167,28.34,81,3,8.11,IN,1685048907
85,utrik,11.2278,169.8474,27.83,79,100,8.61,MH,1685048908
86,mount isa,-20.7333,139.5,15.87,41,0,4.63,AU,1685048909
87,kenai,60.5544,-151.2583,9.05,90,100,6.69,US,1685048909
88,jamestown,42.097,-79.2353,18.62,49,0,6.69,US,1685048910
89,luis correia,-2.8792,-41.6669,26.78,80,82,3.52,BR,1685048910
90,namibe,-15.1961,12.1522,20.35,73,0,4.83,AO,1685048910
91,yellowknife,62.456,-114.3525,14.29,58,75,3.6,CA,1685048795
92,lanxi,29.2195,119.477,19.94,89,100,0.85,CN,1685048911
93,kirensk,57.7853,108.1119,1.8,98,100,1.51,RU,1685048912
94,kingston,17.997,-76.7936,31.25,69,20,3.6,JM,1685048723
95,lebu,-37.6167,-73.65,12.56,85,68,8.4,CL,1685048913
96,saipan,15.1355,145.701,28.14,100,75,8.23,MP,1685048913
97,keflavik,64.0049,-22.5624,7.24,81,75,7.72,IS,1685048914
98,aasiaat,68.7098,-52.8699,0.0,73,1,1.75,GL,1685048915
99,vorgashor,67.5833,63.95,13.63,74,95,5.28,RU,1685048915
100,west bay,19.3667,-81.4167,32.04,70,20,5.66,KY,1685048916
101,san pedro pochutla,15.7333,-96.4667,33.17,55,93,3.63,MX,1685048916
102,williams lake,52.1415,-122.1445,22.47,37,8,2.57,CA,1685048917
103,javea,38.7833,0.1667,17.48,91,100,0.89,ES,1685048917
104,kyzylorda,44.8528,65.5092,20.01,28,0,4.0,KZ,1685048715
105,touros,-5.1989,-35.4608,25.98,86,89,6.12,BR,1685048918
106,chui,-33.6971,-53.4616,20.96,71,40,3.02,UY,1685048919
107,praia da vitoria,38.7333,-27.0667,16.69,79,57,5.07,PT,1685048919
108,crane,31.3974,-102.3501,28.91,48,53,6.82,US,1685048920
109,kabanjahe,3.1001,98.4908,17.99,98,100,1.53,ID,1685048920
110,georgetown,5.4112,100.3354,27.96,81,20,0.51,MY,1685048628
111,tabou,4.423,-7.3528,26.52,87,100,3.35,CI,1685048921
112,la passe,45.5549,-0.8967,18.13,75,0,8.38,FR,1685048922
113,ilulissat,69.2167,-51.1,2.01,51,0,2.06,GL,1685048732
114,san patricio,28.017,-97.5169,32.4,50,75,3.45,US,1685048923
115,ocean city,39.2776,-74.5746,19.14,57,5,0.45,US,1685048923
116,klyuchi,52.2667,79.1667,14.66,36,100,4.12,RU,1685048924
117,daru,-9.0763,143.2092,25.43,87,100,5.63,PG,1685048924
118,pskov,57.8136,28.3496,16.95,59,0,4.0,RU,1685048925
119,mont-dore,-22.2833,166.5833,21.67,99,78,2.89,NC,1685048925
120,cooma,-36.2333,149.1333,4.7,93,100,2.67,AU,1685048926
121,inhambane,-23.865,35.3833,22.01,72,19,5.61,MZ,1685048880
122,salekhard,66.53,66.6019,14.64,71,99,4.44,RU,1685048926
123,tralee,52.2704,-9.7026,11.79,96,12,1.4,IE,1685048927
124,antsiranana,-12.2787,49.2917,22.43,91,2,2.11,MG,1685048851
125,goulburn,-34.75,149.7167,7.1,68,100,1.34,AU,1685048632
126,cameta,-2.2444,-49.4958,27.3,79,96,2.86,BR,1685048928
127,fort morgan,40.2503,-103.8,23.36,60,40,6.17,US,1685048857
128,ouargaye,11.5033,0.0572,32.57,46,61,4.13,BF,1685048929
129,harstad,68.799,16.5293,3.66,99,100,8.05,NO,1685048929
130,tweed heads,-28.1817,153.547,16.02,77,11,3.6,AU,1685048762
131,longview,32.5007,-94.7405,30.14,45,40,3.6,US,1685048930
132,kayes,14.0,-11.0,31.31,35,100,3.67,ML,1685048931
133,the pas,53.8251,-101.2541,13.01,100,100,3.6,CA,1685048931
134,bobo-dioulasso,11.1771,-4.2979,27.81,61,87,2.61,BF,1685048932
135,robore,-18.3333,-59.75,29.5,47,4,4.54,BO,1685048932
136,shubarshi,48.5872,57.1869,19.13,35,1,3.41,KZ,1685048933
137,kiffa,16.6166,-11.4045,31.64,42,72,5.44,MR,1685048933
138,akureyri,65.6835,-18.0878,7.38,62,98,3.22,IS,1685048934
139,ust-tsilma,65.441,52.1498,16.68,81,56,3.28,RU,1685048934
140,hargeysa,9.56,44.065,22.16,72,62,7.2,SO,1685048935
141,nar'yan-mar,67.6713,53.087,16.7,86,91,8.17,RU,1685048935
142,phan rang-thap cham,11.5667,108.9833,25.53,87,100,1.54,VN,1685048936
143,flying fish cove,-10.4217,105.6791,25.82,83,100,5.66,CX,1685048936
144,weno,7.4515,151.8468,28.26,77,89,4.22,FM,1685048937
145,puerto leguizamo,-0.1934,-74.7819,27.35,78,94,0.57,CO,1685048937
146,saint-philippe,-21.3585,55.7679,19.77,87,100,5.6,RE,1685048938
147,plettenberg bay,-34.0527,23.3716,11.8,85,100,6.25,ZA,1685048938
148,petropavlovka,50.6114,105.3196,0.93,80,17,1.8,RU,1685048939
149,east london,-33.0153,27.9116,17.46,85,99,9.28,ZA,1685048939
150,conde,-7.2597,-34.9075,26.7,78,75,4.12,BR,1685048755
151,sinabang,2.4803,96.3801,26.37,83,95,1.29,ID,1685048940
152,callao,-12.0667,-77.15,25.4,64,75,5.66,PE,1685048702
153,wenling,28.3669,121.36,19.19,90,100,1.76,CN,1685048941
154,opuwo,-18.0607,13.84,17.1,45,33,1.61,NA,1685048942
155,lionel town,17.8101,-77.2406,29.59,62,12,2.86,JM,1685048942
156,mount pleasant,32.7941,-79.8626,24.08,76,75,8.23,US,1685048943
157,baiao,-2.7906,-49.6717,25.6,88,74,1.01,BR,1685048943
158,saurimo,-9.6608,20.3916,21.23,59,9,1.59,AO,1685048944
159,laguna,38.421,-121.4238,25.1,50,0,6.17,US,1685048944
160,badger,64.8,-147.5333,21.14,36,75,2.57,US,1685048945
161,mount pearl,47.5166,-52.7813,6.64,84,100,2.57,CA,1685048694
162,airuk,7.2772,168.8203,28.18,78,93,7.39,MH,1685048946
163,the dalles,45.5946,-121.1787,28.2,35,0,4.12,US,1685048654
164,viedma,-40.8135,-62.9967,14.99,40,100,4.21,AR,1685048641
165,delta del tigre,-34.7633,-56.3853,21.05,96,100,1.79,UY,1685048947
166,shahgarh,24.3167,79.1333,27.42,42,83,1.31,IN,1685048948
167,isafjordur,66.0755,-23.124,5.44,66,93,1.98,IS,1685048949
168,djibo,14.1022,-1.6306,36.53,18,34,2.69,BF,1685048949
169,puerto carreno,6.189,-67.4859,26.74,80,87,4.04,CO,1685048950
170,hammerfest,70.6634,23.6821,6.25,56,40,9.26,NO,1685048950
171,sisimiut,66.9395,-53.6735,0.33,82,87,4.11,GL,1685048951
172,havre,49.5833,0.3333,13.44,87,0,6.17,FR,1685048951
173,camalu,30.85,-116.0667,18.61,58,6,6.57,MX,1685048952
174,hasaki,35.7333,140.8333,16.79,63,52,4.5,JP,1685048952
175,remire-montjoly,4.9167,-52.2667,25.02,94,40,0.0,GF,1685048953
176,arroyito,-31.4202,-63.05,21.73,83,74,3.87,AR,1685048954
177,port blair,11.6667,92.75,28.69,74,99,4.97,IN,1685048955
178,al lagowa,11.4,29.1333,33.48,29,47,2.29,SD,1685048956
179,sambava,-14.2667,50.1667,22.25,89,17,2.34,MG,1685048956
180,khovd,48.0056,91.6419,5.83,81,100,1.87,MN,1685048957
181,leh,34.1667,77.5833,6.2,58,98,3.08,IN,1685048957
182,hassi messaoud,31.6804,6.0729,26.92,19,0,2.57,DZ,1685048733
183,smithers,54.7804,-127.1743,22.18,35,40,2.06,CA,1685048721
184,tsiombe,-25.3,45.4833,19.63,71,1,4.92,MG,1685048958
185,khemisset,33.6667,-6.25,18.75,74,3,2.44,MA,1685048964
186,nemuro,43.3236,145.575,9.13,85,1,3.67,JP,1685048964
187,san antonio de pale,-1.4014,5.6325,26.33,88,99,6.84,GQ,1685048700
188,labasa,-16.4167,179.3833,22.95,94,100,2.91,FJ,1685048965
189,mount gambier,-37.8333,140.7667,10.34,61,98,4.89,AU,1685048966
190,page,36.9147,-111.4558,29.71,14,0,5.14,US,1685048966
191,zilair,52.2332,57.4392,14.67,62,11,2.14,RU,1685048967
192,dom pedrito,-30.9828,-54.6731,19.92,82,0,3.16,BR,1685048967
193,new norfolk,-42.7826,147.0587,6.72,72,87,0.89,AU,1685048968
194,avarua,-21.2078,-159.775,24.03,94,100,3.09,CK,1685048968
195,shahrak,34.1074,64.3052,9.58,35,2,1.76,AF,1685048969
196,sivrihisar,39.4504,31.5341,14.35,73,99,2.38,TR,1685048969
197,olonkinbyen,70.9221,-8.7187,-1.07,64,49,10.47,SJ,1685048970
198,saint-joseph,-21.3667,55.6167,20.82,86,100,5.79,RE,1685048970
199,labrador city,52.9463,-66.9114,11.49,33,5,3.87,CA,1685048971
200,noshiro,40.2039,140.0242,14.85,69,27,2.77,JP,1685048971
201,kiruna,67.8557,20.2251,1.51,60,100,7.72,SE,1685048971
202,makoua,0.0069,15.6333,26.72,71,100,0.97,CG,1685048972
203,la maddalena,41.2142,9.4083,18.09,82,14,2.3,IT,1685048972
204,arno,60.1167,18.6333,9.88,58,91,6.36,SE,1685048973
205,north bend,43.4065,-124.2243,23.47,73,0,9.77,US,1685048973
206,talnakh,69.4865,88.3972,-3.21,96,96,3.21,RU,1685048974
207,happy valley-goose bay,53.3168,-60.3315,9.87,45,4,3.15,CA,1685048974
208,woodward,36.4337,-99.3904,22.57,68,100,8.75,US,1685048975
209,molde,62.7375,7.1591,8.73,93,75,8.75,NO,1685048975
210,sunne,59.8376,13.143,12.23,50,40,2.74,SE,1685048976
211,fabens,31.5023,-106.1586,34.62,16,37,2.6,US,1685048976
212,golere,16.2557,-14.1017,36.02,31,100,7.67,SN,1685048977
213,howard springs,-12.497,131.047,18.95,64,22,2.31,AU,1685048977
214,houma,29.5958,-90.7195,29.44,55,40,6.69,US,1685048978
215,margaret river,-33.95,115.0667,8.2,79,0,3.44,AU,1685048978
216,springbok,-29.6643,17.8865,6.05,91,55,3.18,ZA,1685048979
217,coquimbo,-29.9533,-71.3436,15.85,88,75,3.6,CL,1685048979
218,fisterra,42.9049,-9.2629,18.19,68,0,10.37,ES,1685048980
219,paita,-5.0892,-81.1144,25.72,74,60,8.79,PE,1685048980
220,megeve,45.8523,6.6129,11.93,91,17,1.88,FR,1685048981
221,ola,59.5833,151.2833,6.19,93,99,0.65,RU,1685048981
222,ta`u,-14.2336,-169.5144,27.69,72,32,5.6,AS,1685048982
223,cowra,-33.8333,148.6833,8.37,58,100,1.29,AU,1685048982
224,polyarnyy,69.1989,33.4478,8.87,57,3,4.4,RU,1685048983
225,tara,56.8944,74.371,6.59,63,2,3.09,RU,1685048983
226,natchez,31.5604,-91.4032,28.12,44,0,3.6,US,1685048984
227,czaplinek,53.5578,16.2333,9.86,85,9,2.79,PL,1685048984
228,cadale,2.7603,46.3222,27.05,79,19,6.42,SO,1685048985
229,santiago de cao,-7.9589,-79.2392,27.07,65,61,5.14,PE,1685048985
230,vilyuchinsk,52.9306,158.4028,9.03,84,93,2.57,RU,1685048986
231,strathalbyn,-35.2667,138.9,11.59,88,65,3.11,AU,1685048986
232,paraty,-23.2178,-44.7131,20.41,89,0,0.74,BR,1685048987
233,berea,41.3662,-81.8543,17.91,57,20,8.75,US,1685048987
234,lashio,22.9333,97.75,17.95,94,2,0.35,MM,1685048988
235,konarka,19.9,86.1167,26.22,74,79,4.78,IN,1685048778
236,vilyuysk,63.7553,121.6247,3.19,75,13,3.74,RU,1685048989
237,gadzhiyevo,69.2551,33.3362,8.83,57,4,4.88,RU,1685048989
238,umba,66.6871,34.3429,6.83,61,0,4.3,RU,1685048990
239,nova sintra,14.8667,-24.7167,21.01,82,95,5.07,CV,1685048990
240,mineiros,-17.5694,-52.5511,22.1,59,41,1.38,BR,1685048991
241,geraldton,-28.7667,114.6,12.23,62,4,3.6,AU,1685048991
242,kone,-21.0595,164.8658,19.91,61,0,1.64,NC,1685048992
243,ulety,51.3572,112.4849,1.4,63,39,3.7,RU,1685048992
244,madinat sittah uktubar,29.8167,31.05,22.78,54,100,6.8,EG,1685048993
245,vokhtoga,58.8147,41.0461,14.41,98,100,2.02,RU,1685048993
246,ghat,24.9647,10.1728,30.44,12,100,1.8,LY,1685048994
247,tosontsengel,48.7567,98.2839,-1.0,44,37,1.19,MN,1685048994
248,birobidzhan,48.8,132.95,15.38,79,100,2.55,RU,1685048744
249,agios nikolaos,35.1914,25.7133,19.31,66,36,1.45,GR,1685048995
250,lerwick,60.1545,-1.1494,9.0,82,31,8.39,GB,1685048996
251,tolanaro,-25.0319,46.9987,20.4,75,98,3.67,MG,1685048996
252,walvis bay,-22.9575,14.5053,14.49,76,0,7.98,NA,1685048997
253,namtsy,62.7161,129.6658,4.92,67,24,3.23,RU,1685048997
254,karwar,14.8,74.1333,27.06,76,26,2.8,IN,1685048998
255,okha,53.5739,142.9478,2.75,87,99,4.43,RU,1685048998
256,liminka,64.8099,25.4155,7.19,65,0,3.09,FI,1685048999
257,koungheul,13.9833,-14.8,37.22,22,100,2.75,SN,1685048999
258,shenjiamen,29.9576,122.298,18.76,97,100,4.56,CN,1685048999
259,hood river,45.7054,-121.5215,27.76,38,14,1.79,US,1685049000
260,fukuecho,32.6881,128.8419,19.87,88,39,8.28,JP,1685049001
261,calvinia,-31.4707,19.776,5.56,86,94,8.05,ZA,1685049001
262,bodo,67.28,14.405,4.32,82,75,12.86,NO,1685049002
263,banlung,13.7468,107.0045,21.75,95,40,0.74,KH,1685048851
264,ribeira grande,38.5167,-28.7,17.1,83,56,4.02,PT,1685049003
265,olavarria,-36.8927,-60.3225,16.42,99,100,2.76,AR,1685049003
266,wuwei,37.9281,102.6414,13.44,33,100,2.04,CN,1685049004
267,savelugu,9.6244,-0.8253,31.4,55,94,1.65,GH,1685049004
268,island harbour,50.724,-1.2758,15.67,82,54,0.45,GB,1685049005
269,kavaratti,10.5669,72.642,29.46,69,2,3.4,IN,1685049005
270,gisborne,-38.6533,178.0042,11.04,80,2,3.44,NZ,1685049006
271,yumaguzino,52.9041,56.3933,16.97,57,52,1.08,RU,1685049006
272,iwon-up,40.3231,128.6553,13.75,84,72,2.83,KP,1685049007
273,howrah,22.5892,88.3103,24.0,83,75,2.57,IN,1685048798
274,mutoko,-17.397,32.2268,14.09,72,0,1.6,ZW,1685049008
275,saint-pierre,-21.3393,55.4781,21.43,88,100,3.6,RE,1685049008
276,charters towers,-20.1,146.2667,14.42,89,24,1.36,AU,1685049009
277,thief river falls,48.1191,-96.1812,28.53,41,0,7.2,US,1685049009
278,llanes,43.4198,-4.7549,13.31,79,82,3.18,ES,1685049010
279,wanning,18.8003,110.3967,26.79,90,87,2.37,CN,1685049011
280,manaure,11.7751,-72.4445,29.93,71,59,4.91,CO,1685049011
281,oruro,-17.9833,-67.15,13.13,13,9,2.82,BO,1685049011
282,udachny,66.4167,112.4,1.36,63,100,3.13,RU,1685049012
283,blonay,46.4678,6.8962,15.32,86,15,1.69,CH,1685049013
284,glace bay,46.1969,-59.957,5.61,95,100,5.36,CA,1685049014
285,sitka,57.0531,-135.33,12.94,88,75,1.54,US,1685049014
286,gaspe,48.8334,-64.4819,7.56,77,100,2.11,CA,1685049014
287,wailua homesteads,22.0669,-159.378,26.44,71,40,7.72,US,1685049015
288,markaz-e hukumat-e darweshan,31.1323,64.1934,26.7,14,100,2.21,AF,1685049016
289,egersund,58.4513,5.9997,10.05,77,100,8.11,NO,1685049016
290,nadi,-17.8,177.4167,24.0,78,40,2.57,FJ,1685049017
291,sanming,26.2486,117.6186,22.77,97,81,0.77,CN,1685049018
292,tazovsky,67.4667,78.7,3.18,87,100,4.66,RU,1685049018
293,fortuna,40.5982,-124.1573,14.81,90,0,7.72,US,1685049018
294,madalena,41.2162,-8.3345,17.94,72,13,1.39,PT,1685049019
295,meadow lake,34.8014,-106.5436,29.91,16,3,5.98,US,1685049020
296,sokoni,-6.4333,39.55,26.47,75,6,4.85,TZ,1685049020
297,linglestown,40.334,-76.7891,20.9,34,0,4.12,US,1685049021
298,carlsbad,33.1581,-117.3506,24.28,66,75,5.66,US,1685048994
299,sao gabriel da cachoeira,-0.1303,-67.0892,25.06,96,92,1.22,BR,1685049021
300,chonchi,-42.6128,-73.8092,7.56,88,97,2.37,CL,1685049022
301,bangor,54.6534,-5.669,13.73,82,100,3.6,GB,1685049022
302,nagqu,31.5,92.0,2.43,71,100,4.72,CN,1685049023
303,ajman city,25.4111,55.435,33.19,31,0,2.06,AE,1685049023
304,temple,31.0982,-97.3428,29.25,50,40,2.06,US,1685048753
305,portland,45.5234,-122.6762,28.04,43,20,5.66,US,1685048754
306,ves'yegonsk,58.664,37.2604,12.25,84,53,2.32,RU,1685049025
307,melfort,52.8667,-104.6177,12.74,95,100,6.0,CA,1685049026
308,sona,45.4388,10.8255,19.77,72,0,1.03,IT,1685049026
309,boguchany,58.3814,97.4531,5.22,78,99,3.08,RU,1685049026
310,carnarvon,-24.8667,113.6333,19.68,53,100,8.65,AU,1685049027
311,dunedin,-45.8742,170.5036,15.45,53,100,3.58,NZ,1685048995
312,castillos,-34.1667,-53.8333,21.88,66,51,3.28,UY,1685049028
313,bereznik,62.8551,42.7072,14.29,97,100,1.67,RU,1685049029
314,slonim,53.0867,25.3219,14.49,88,88,1.4,BY,1685049030
315,saudarkrokur,65.7461,-19.6394,6.39,60,70,4.28,IS,1685049030
316,boa vista,2.8197,-60.6733,27.99,74,40,3.09,BR,1685049031
317,hau-ri,41.2006,129.4703,14.39,71,100,1.15,KP,1685049031
318,miri,4.4148,114.0089,25.26,86,100,1.7,MY,1685049032
319,nanao,37.05,136.9667,17.38,74,100,1.25,JP,1685049032
320,minas de marcona,-15.2119,-75.1103,18.34,67,9,5.61,PE,1685049033
321,knyaze-volkonskoye,48.4642,135.4567,18.19,53,100,4.63,RU,1685049033
322,berezovyy,51.6667,135.7,7.67,87,100,1.19,RU,1685049034
323,vila velha,-20.3297,-40.2925,23.3,85,0,1.54,BR,1685049034
324,torres,-29.3353,-49.7269,22.68,90,0,2.8,BR,1685049035
325,arawa,-6.2132,155.5367,26.36,80,100,1.39,PG,1685049035
326,port lincoln,-34.7333,135.8667,12.3,65,98,6.37,AU,1685049036
327,pont rouge,48.8833,-72.0825,15.89,31,59,4.59,CA,1685049036
328,jalpa,21.6333,-102.9667,32.51,13,99,3.66,MX,1685049037
329,pavlodar,52.3,76.95,12.89,47,40,5.0,KZ,1685049037
330,salto,-31.3833,-57.9667,24.09,69,0,2.06,UY,1685048878
331,araria,26.15,87.5167,24.09,80,41,2.19,IN,1685049038
332,vila franca do campo,37.7167,-25.4333,18.23,81,30,3.47,PT,1685049039
333,harnai,30.1005,67.9374,28.12,13,0,2.51,PK,1685049039
334,al faw,29.9776,48.4741,30.38,38,15,3.69,IQ,1685049040
335,ca mau,9.1769,105.15,26.18,86,67,1.97,VN,1685049040
336,chul'man,56.8479,124.9104,4.32,70,100,3.44,RU,1685049041
337,salalah,17.0151,54.0924,30.05,79,20,3.09,OM,1685049041
338,rio grande,-32.035,-52.0986,22.06,79,0,3.93,BR,1685049042
339,cassilandia,-19.1133,-51.7342,23.58,54,4,2.55,BR,1685048973
340,grand falls-windsor,48.9332,-55.6649,5.28,90,100,2.68,CA,1685049043
341,gizo,-8.103,156.8419,27.01,83,100,4.53,SB,1685049043
342,murun-kuren,49.6342,100.1625,0.97,45,26,0.82,MN,1685049043
343,princeville,45.7668,-61.2985,6.54,96,100,3.13,CA,1685049044
344,lagos,6.5833,3.75,26.8,88,69,2.15,NG,1685049044
345,sao joao da barra,-21.6403,-41.0511,21.05,85,0,3.31,BR,1685049045
346,tual,-5.6667,132.75,27.38,68,58,7.75,ID,1685049045
347,luderitz,-26.6481,15.1594,12.25,86,0,3.8,NA,1685049046
348,broome,42.2506,-75.833,18.14,44,0,4.63,US,1685049046
349,pertek,38.8663,39.3268,13.76,91,85,0.92,TR,1685049047
350,natal,-5.795,-35.2094,27.36,78,75,2.57,BR,1685048838
351,faya-largeau,17.9257,19.1043,36.54,11,0,3.99,TD,1685049048
352,kushtagi,15.7667,76.2,26.56,59,2,6.96,IN,1685049048
353,haimen,23.1935,116.6142,23.7,94,25,1.86,CN,1685049049
354,igarka,67.4667,86.5833,0.49,95,100,1.33,RU,1685049049
355,kittila,67.6647,24.8936,6.08,56,0,4.63,FI,1685049050
356,vargem grande do sul,-21.8322,-46.8936,19.39,65,27,3.05,BR,1685049050
357,turuntayevo,52.2,107.6167,4.05,98,100,3.34,RU,1685049051
358,puerto baquerizo moreno,-0.9,-89.6,26.18,76,44,5.64,EC,1685049051
359,taltal,-25.4,-70.4833,17.9,76,78,2.37,CL,1685049052
360,ende,-8.8432,121.6623,23.83,89,90,2.21,ID,1685049052
361,arteche,12.2645,125.4048,25.65,88,95,2.63,PH,1685049053
362,mil'kovo,55.6078,37.7956,15.59,90,54,1.9,RU,1685049053
363,stavern,59.0,10.0333,11.21,52,31,7.89,NO,1685049054
364,cole harbour,44.6724,-63.4751,11.98,87,100,5.66,CA,1685049054
365,naze,28.3667,129.4833,19.76,72,83,4.24,JP,1685049055
366,axim,4.8699,-2.2405,26.92,85,53,3.42,GH,1685049055
367,westminster,39.8367,-105.0372,26.12,46,0,2.24,US,1685048928
368,caleta de carquin,-11.0925,-77.6267,23.21,72,45,5.35,PE,1685049056
369,stephenville,32.2207,-98.2023,27.53,58,0,4.63,US,1685049056
370,maceio,-9.6658,-35.7353,25.69,88,40,2.57,BR,1685049057
371,rongelap,11.1635,166.8941,27.93,78,100,8.79,MH,1685049058
372,curuca,-0.7289,-47.8481,25.39,91,26,2.51,BR,1685049058
373,balqash,46.8481,74.995,17.26,35,50,4.44,KZ,1685049059
374,ordubad,38.9059,46.0234,19.07,72,100,0.78,AZ,1685049059
375,port macquarie,-31.4333,152.9167,14.38,44,100,3.09,AU,1685048877
376,laibin,23.7,109.2667,24.23,94,21,1.89,CN,1685049060
377,juneau,58.3019,-134.4197,12.45,97,100,2.06,US,1685049061
378,bikenibeu village,1.3673,173.1241,28.98,74,75,4.63,KI,1685049061
379,bardai,11.65,7.2333,25.72,67,35,6.18,NG,1685049062
380,roma,43.2128,-75.4557,18.06,48,0,2.57,US,1685048766
381,erenhot,43.6475,111.9767,13.4,29,32,2.61,CN,1685049063
382,medina,24.4686,39.6142,26.24,50,43,2.57,SA,1685049064
383,jaisalmer,26.9147,70.9181,28.62,66,4,11.77,IN,1685049064
384,amuntai,-2.4177,115.2494,23.17,96,81,0.69,ID,1685049065
385,arac,41.2422,33.3277,12.75,91,97,0.18,TR,1685049070
386,mandvi,22.8333,69.3667,28.17,87,30,10.44,IN,1685049071
387,cabedelo,-6.9811,-34.8339,27.37,82,98,6.59,BR,1685049071
388,klaksvik,62.2266,-6.589,8.51,85,32,10.8,FO,1685049071
389,canutama,-6.5339,-64.3831,26.18,95,100,1.17,BR,1685049072
390,waslala,13.2333,-85.3833,32.84,45,100,1.36,NI,1685049073
391,gao,16.6362,1.637,35.71,13,3,4.72,ML,1685049073
392,la'ie,21.6477,-157.9253,28.98,70,80,3.58,US,1685049073
393,timiryazevskoye,56.49,84.8769,2.27,74,0,2.16,RU,1685049074
394,turuvekere,13.1642,76.6667,23.32,79,90,3.88,IN,1685049074
395,dryden,49.7833,-92.7503,25.03,27,97,5.31,CA,1685049075
396,zhanaozen,43.3,52.8,24.3,24,97,11.2,KZ,1685049075
397,micheweni,-4.9667,39.8333,25.31,80,47,4.56,TZ,1685049076
398,zholymbet,51.7433,71.7122,13.02,82,100,3.02,KZ,1685049076
399,palikir - national government center,6.9248,158.1611,27.41,89,75,3.09,FM,1685049077
400,peniche,39.3558,-9.3811,18.49,92,3,4.08,PT,1685049077
401,illizi,26.4833,8.4667,27.36,12,32,2.57,DZ,1685049078
402,hithadhoo,-0.6,73.0833,28.67,68,21,4.71,MV,1685049078
403,merizo village,13.2658,144.6691,27.22,88,100,7.58,GU,1685049079
404,puerto bolivar,-3.2667,-79.9833,30.0,70,40,4.12,EC,1685049079
405,duck lake,52.8168,-106.2344,13.5,85,100,5.79,CA,1685049080
406,bidar,17.9,77.55,30.8,33,20,4.5,IN,1685049081
407,buka,40.8108,69.1986,19.5,31,100,3.37,UZ,1685049039
408,kodinsk,58.6881,99.1844,3.06,88,63,3.43,RU,1685049082
409,antsohihy,-14.8796,47.9875,20.01,97,0,1.47,MG,1685049082
410,scarborough,54.2797,-0.4044,13.28,84,100,5.36,GB,1685049083
411,nadym,65.5333,72.5167,11.46,50,99,6.89,RU,1685049083
412,battagram,34.6772,73.0233,15.73,78,67,2.14,PK,1685049084
413,tabarka,36.9544,8.758,16.87,89,49,1.53,TN,1685049084
414,manvi,15.9833,77.05,30.39,46,15,6.2,IN,1685049085
415,hinton,53.4001,-117.5857,17.1,45,88,2.07,CA,1685048969
416,kushiro,42.975,144.3747,12.31,78,0,1.14,JP,1685049086
417,lubumbashi,-11.6609,27.4794,15.68,54,0,1.19,CD,1685049022
418,el granada,37.5027,-122.4694,23.3,70,100,6.69,US,1685049087
419,nampula,-15.1165,39.2666,15.75,92,1,0.93,MZ,1685049088
420,kez,57.8979,53.7152,16.21,62,14,2.35,RU,1685049088
421,destin,30.3935,-86.4958,31.0,40,0,3.6,US,1685049089
422,pundong,-7.9522,110.3486,23.34,88,9,1.89,ID,1685049089
423,siwa oasis,29.2041,25.5195,31.12,22,100,8.94,EG,1685049090
424,buta,2.7858,24.73,21.83,87,100,0.87,CD,1685049090
425,jayapura,-2.5333,140.7,25.66,90,90,1.7,ID,1685049091
426,greenland,43.0362,-70.8328,18.48,46,75,4.12,US,1685049091
427,zalari,53.5584,102.5065,3.31,91,100,6.56,RU,1685049092
428,la sarre,48.8002,-79.1996,15.07,34,12,1.84,CA,1685049092
429,kuala tungkal,-0.8167,103.4667,24.77,92,97,3.01,ID,1685049093
430,san luis de la loma,17.2706,-100.8939,31.41,57,23,4.47,MX,1685049093
431,guarapari,-20.6667,-40.4975,23.27,87,0,1.05,BR,1685049094
432,gardnerville ranchos,38.8882,-119.7413,21.77,34,20,3.09,US,1685049094
433,broken hill,-31.95,141.4333,6.86,83,0,5.48,AU,1685049095
434,alofi,-19.0595,-169.9187,22.29,74,100,7.51,NU,1685049095
435,monrovia,6.3005,-10.7969,23.87,87,100,2.0,LR,1685049046
436,itoman,26.1247,127.6694,23.01,73,31,3.6,JP,1685049096
437,ceelbuur,4.685,46.6176,26.02,76,48,5.72,SO,1685049102
438,mugia,43.1041,-9.2179,18.28,76,0,11.5,ES,1685049103
439,pago pago,-14.2781,-170.7025,27.43,73,30,4.28,AS,1685049104
440,bryan,30.6744,-96.37,29.91,51,75,3.6,US,1685048835
441,cooper's town,26.8667,-77.5167,25.87,72,2,2.16,BS,1685049104
442,alta,69.9689,23.2717,6.59,55,0,3.6,NO,1685049105
443,kirakira,-10.4544,161.9205,25.44,89,100,2.79,SB,1685049106
444,qamdo,31.1667,97.2333,2.99,56,8,2.57,CN,1685049107
445,cruz alta,-28.6386,-53.6064,19.79,64,0,2.9,BR,1685049107
446,mersa matruh,31.3525,27.2453,20.11,80,100,4.59,EG,1685049108
447,eyl,7.9803,49.8164,28.49,71,39,6.31,SO,1685049109
448,fort bragg,35.139,-79.006,24.08,60,75,7.2,US,1685049109
449,gwanda,-20.9333,29.0,17.74,43,45,2.58,ZW,1685049110
450,karoi,-16.8099,29.6925,15.9,65,0,1.82,ZW,1685049110
451,srandakan,-7.9386,110.2506,23.73,87,12,2.15,ID,1685049111
452,yelizovo,53.1873,158.3805,8.95,75,40,2.0,RU,1685049112
453,hami,42.8,93.45,21.4,20,100,3.54,CN,1685049112
454,porto novo,6.4965,2.6036,27.15,84,68,3.19,BJ,1685049113
455,anaconda,46.1285,-112.9423,12.55,67,100,0.36,US,1685049113
456,myeik,12.4333,98.6,27.41,81,100,3.25,MM,1685049114
457,labytnangi,66.6572,66.4183,14.05,74,94,2.54,RU,1685049114
458,dellys,36.9172,3.9131,17.85,87,28,0.47,DZ,1685049114
459,sao vicente,-23.9631,-46.3919,25.15,26,3,0.21,BR,1685049115
460,aykhal,66.0,111.5,-1.8,88,100,1.97,RU,1685049115
461,dingwall,57.5953,-4.4272,12.17,74,0,0.89,GB,1685049117
462,tamanrasset,22.785,5.5228,26.95,21,0,5.14,DZ,1685049117
463,alvear,-29.0968,-56.5504,22.16,72,0,3.39,AR,1685049118
464,bubaque,11.2833,-15.8333,27.71,77,99,6.75,GW,1685049118
465,balakovo,52.0278,47.8007,21.73,38,75,5.9,RU,1685049119
466,pestravka,52.405,49.9583,21.01,37,62,6.14,RU,1685049119
467,turan,16.0678,108.2208,24.99,88,20,0.51,VN,1685049120
468,northam,51.0333,-4.2167,15.34,83,5,1.8,GB,1685049120
469,retreat,38.8245,-85.8533,22.63,45,29,5.92,US,1685049121
470,barcelos,41.5388,-8.6151,18.71,77,4,1.31,PT,1685049121
471,kruisfontein,-34.0033,24.7314,11.31,88,100,10.19,ZA,1685049122
472,visby,57.6409,18.296,10.12,81,21,4.12,SE,1685049127
473,thunder bay,48.4001,-89.3168,12.28,44,28,3.19,CA,1685049027
474,mweka,-4.85,21.5667,22.53,80,54,1.37,CD,1685049128
475,elblag,54.1522,19.4088,10.35,91,75,1.25,PL,1685049129
476,mejit,10.2753,170.8646,27.69,79,100,8.76,MH,1685049129
477,gwandu,12.4938,4.6423,35.64,32,39,3.61,NG,1685049130
478,ventspils,57.3894,21.5606,5.96,93,0,1.03,LV,1685049130
479,puerto deseado,-47.7503,-65.8938,8.54,29,4,7.95,AR,1685049131
480,belmonte,-15.8631,-38.8828,23.33,89,11,4.39,BR,1685049132
481,atambua,-9.1061,124.8925,20.38,89,48,2.54,ID,1685049132
482,dali,25.7,100.1833,13.83,90,11,2.22,CN,1685049133
483,karratha,-20.7377,116.8463,19.3,25,2,6.68,AU,1685049134
484,kasane,-17.8167,25.15,18.02,38,0,2.75,BW,1685049134
485,kapuskasing,49.4169,-82.4331,19.05,25,75,1.03,CA,1685049134
486,xining,36.6167,101.7667,7.69,85,100,1.57,CN,1685049135
487,atar,20.5169,-13.0499,25.69,56,100,6.74,MR,1685049136
488,iquique,-20.2208,-70.1431,20.02,74,91,3.65,CL,1685049136
489,tindouf,27.6711,-8.1474,25.25,29,0,5.14,DZ,1685049136
490,paracuru,-3.41,-39.0306,28.39,79,88,4.03,BR,1685049137
491,joinville,-26.3044,-48.8456,22.84,94,31,0.94,BR,1685049137
492,curup,-3.4667,102.5333,20.79,97,98,1.11,ID,1685049139
493,navapolatsk,55.5363,28.6424,12.96,95,95,1.8,BY,1685049139
494,mogadishu,2.0371,45.3438,26.73,76,10,6.91,SO,1685048919
495,tucuma,-0.1833,-50.05,25.79,91,22,3.53,BR,1685049141
496,umm qasr,30.0405,47.9168,30.89,33,0,2.31,IQ,1685049141
497,bosaso,11.2842,49.1816,30.11,72,55,1.59,SO,1685049141
498,talodi,10.6325,30.3797,33.79,31,63,2.35,SD,1685049142
499,bethanie,-26.4833,17.15,6.91,82,0,1.69,NA,1685049142
500,rio gallegos,-51.6226,-69.2181,4.03,75,75,6.69,AR,1685049047
501,coronel dorrego,-38.7187,-61.2873,16.72,81,100,2.1,AR,1685049143
502,saldanha,-33.0117,17.9442,9.03,63,44,6.04,ZA,1685049144
503,hotan,37.0997,79.9269,17.78,43,94,1.92,CN,1685049144
504,fort st. john,56.2499,-120.8529,18.94,42,75,1.54,CA,1685049145
505,khuzdar,27.7384,66.6434,26.46,12,65,2.93,PK,1685049007
506,solwezi,-12.1688,26.3894,15.09,59,0,1.12,ZM,1685049146
507,oranjemund,-28.55,16.4333,12.06,84,0,1.35,NA,1685049146
508,kapa'a,22.0752,-159.319,27.18,71,40,7.72,US,1685049147
509,severo-yeniseyskiy,60.3725,93.0408,-2.0,96,38,1.66,RU,1685049148
510,assab,13.0092,42.7394,30.32,75,4,8.76,ER,1685049148
511,pyapon,16.2833,95.6833,27.45,77,84,3.14,MM,1685049148
512,ancud,-41.8697,-73.8203,7.98,81,97,6.05,CL,1685049149
513,nogliki,51.8333,143.1667,2.85,93,100,2.63,RU,1685049149
514,port alfred,-33.5906,26.891,13.99,87,85,3.58,ZA,1685049150
515,ntungamo,-0.8833,29.65,18.84,86,77,1.76,UG,1685049151
516,cidreira,-30.1811,-50.2056,20.35,84,6,4.07,BR,1685049082
517,isla aguada,18.7833,-91.4667,30.02,64,3,6.53,MX,1685049152
518,minna,9.6139,6.5569,24.93,78,100,0.87,NG,1685049152
519,punta arenas,-53.15,-70.9167,2.06,75,40,4.63,CL,1685048901
520,waterboro,43.5356,-70.7151,17.51,43,100,4.63,US,1685049153
521,ocean shores,46.9737,-124.1563,23.31,77,0,5.66,US,1685048937
522,tazacorte,28.629,-17.9293,19.54,80,20,3.09,ES,1685049154
523,puerto santander,8.3636,-72.4063,28.67,87,98,1.04,CO,1685049154
524,vadso,70.0744,29.7487,9.49,61,0,2.57,NO,1685049155
525,tsiroanomandidy,-18.7667,46.0333,15.13,78,0,1.49,MG,1685049155
526,chibougamau,49.9168,-74.3659,14.79,26,0,4.12,CA,1685049156
527,yulinshi,38.2906,109.7494,17.16,27,100,2.98,CN,1685049156
528,brokopondo,4.75,-55.1667,27.16,84,71,2.68,SR,1685049157
529,rosarito,32.3333,-117.0333,21.8,63,1,4.82,MX,1685049157
530,mehekar,20.15,76.5667,29.23,32,0,5.86,IN,1685049158
531,vernon,50.2581,-119.2691,22.18,56,100,2.24,CA,1685048971
532,kulattur,9.0167,78.2,29.73,63,61,5.95,IN,1685049164
533,guanica,17.9716,-66.908,30.63,80,7,4.84,PR,1685049164
534,dabou,5.3256,-4.3769,26.56,87,100,3.06,CI,1685049165
535,ketchikan,55.3422,-131.6461,18.26,59,75,4.63,US,1685049165
536,zhosaly,45.4878,64.0781,22.77,23,0,3.66,KZ,1685049166
537,mostaganem,35.9311,0.0892,18.75,78,0,4.05,DZ,1685048911
538,mugumu,-1.85,34.7,18.22,69,93,1.73,TZ,1685049167
539,rundu,-17.9333,19.7667,17.56,36,3,0.86,NA,1685049167
540,santa terezinha,-29.9002,-50.0904,20.5,86,0,3.54,BR,1685049168
541,margate,51.3813,1.3862,11.6,75,22,4.92,GB,1685049168
542,choma,-16.8065,26.9531,16.46,47,0,1.47,ZM,1685049169
543,zhigalovo,54.8097,105.1578,2.44,99,100,1.24,RU,1685049169
544,susuman,62.7833,148.1667,4.3,60,14,0.97,RU,1685049170
545,iskateley,67.6803,53.1512,16.74,86,89,8.27,RU,1685049170
546,kourou,5.1552,-52.6478,25.03,90,100,3.54,GF,1685049171
547,port saint john's,-31.6229,29.5448,21.13,75,77,3.88,ZA,1685049171
548,huanuco,-9.9329,-76.2415,21.93,66,81,2.72,PE,1685049044
549,gazi,35.3253,25.0669,17.81,81,20,2.06,GR,1685049172
550,jinghong,21.991,100.7341,21.99,77,2,0.85,CN,1685049172
551,znamenskoye,57.1281,73.8282,6.66,66,2,2.67,RU,1685049173
552,fontanelas,38.8472,-9.4372,19.21,76,20,4.63,PT,1685049173
553,saint ann's bay,18.4358,-77.201,31.05,66,39,2.73,JM,1685049174
554,peace river,56.2501,-117.286,19.17,52,75,3.6,CA,1685049174
555,gaigeturi,33.4644,126.3183,18.42,79,69,1.65,KR,1685049175
556,sompeta,18.9333,84.6,27.97,65,80,2.83,IN,1685049175
557,pemba,-12.974,40.5178,24.52,73,0,6.12,MZ,1685049176
558,santa ana,33.7456,-117.8678,23.12,63,75,4.63,US,1685049019
559,soio,-6.1349,12.3689,24.99,86,92,3.7,AO,1685049177
560,lazaro cardenas,17.9583,-102.2,30.68,60,12,4.97,MX,1685049177
561,tadine,-21.55,167.8833,21.53,69,1,4.67,NC,1685049178
562,duong dong,10.2167,103.9667,26.0,94,40,3.6,VN,1685049178
563,al balyana,26.2357,32.0035,31.31,11,68,3.07,EG,1685049179
564,kodinar,20.7903,70.7031,28.32,78,2,7.56,IN,1685049179
565,dzhangala,49.2167,50.3333,23.9,27,96,8.31,KZ,1685049180
566,nouadhibou,20.931,-17.0347,18.99,88,20,8.23,MR,1685049181
567,tobruk,32.0836,23.9764,20.17,78,89,9.76,LY,1685049181
568,bonthe,7.5264,-12.505,27.68,79,100,2.41,SL,1685049182
569,tagab,34.855,69.6492,17.37,30,0,3.11,AF,1685049182
570,kabalo,-6.05,26.9167,24.37,64,7,2.08,CD,1685049183
